CD_SETOR,V06001,V06002,V06003,V06004,V06005
314330205000001,"38,00","76,00","1,14","2.537,15","6.247.140,76"
314330205000002,"131,00","273,00","1,26","2.348,91","5.227.401,81"
314330205000003,"191,00","438,00","1,47","3.381,57","9.113.788,63"
314330205000004,"152,00","340,00","1,22","4.499,34","17.481.556,09"
314330205000005,"113,00","232,00","1,30","3.170,11","17.823.966,92"
314330205000006,"178,00","317,00","1,04","3.518,39","13.707.628,23"
314330205000008,"87,00","185,00","1,13","6.661,17","61.862.358,47"
314330205000009,"146,00","354,00","1,54","6.257,59","98.787.958,14"
314330205000013,"205,00","555,00","1,65","3.264,84","11.458.415,18"
314330205000014,"33,00","93,00","1,40","2.349,34","3.881.429,01"
314330205000015,"244,00","595,00","1,94","3.082,26","6.320.827,89"
314330205000016,"338,00","877,00","1,70","3.210,80","155.295.724,78"
314330205000017,"297,00","735,00","1,80","2.093,19","4.796.707,42"
314330205000019,"142,00","344,00","1,41","2.278,98","4.568.757,45"
314330205000020,"238,00","576,00","1,31","5.281,79","20.750.620,38"
314330205000021,"216,00","528,00","1,77","3.692,82","13.377.959,67"
314330205000022,"284,00","722,00","1,49","5.013,68","32.936.230,90"
314330205000023,"209,00","509,00","1,57","4.028,26","18.213.152,09"
314330205000025,"258,00","566,00","1,41","2.213,98","4.612.852,85"
314330205000026,"227,00","595,00","3,32","3.073,99","11.034.528,58"
314330205000028,"278,00","759,00","2,35","2.114,55","3.099.721,31"
314330205000029,"151,00","350,00","2,02","2.471,56","7.640.596,61"
314330205000030,"164,00","419,00","2,38","1.695,01","1.432.077,92"
314330205000032,"190,00","399,00","1,02","3.513,34","13.306.612,80"
314330205000033,"180,00","382,00","1,30","3.253,12","15.813.996,59"
314330205000034,"163,00","402,00","1,41","4.281,48","21.929.684,30"
314330205000036,"150,00","379,00","1,50","5.757,21","45.489.687,15"
314330205000042,"242,00","717,00","1,75","1.253,34","196.962,65"
314330205000043,"171,00","587,00","4,12","1.200,82","296.061,95"
314330205000044,"248,00","677,00","1,49","6.409,44","35.618.483,47"
314330205000045,"177,00","496,00","2,09","2.030,18","3.529.737,11"
314330205000046,"307,00","822,00","1,59","2.876,81","6.313.460,67"
314330205000047,"282,00","812,00","1,64","2.450,40","3.764.708,53"
314330205000049,"236,00","703,00","2,14","1.728,27","1.642.836,13"
314330205000051,"180,00","511,00","1,88","2.190,58","3.123.553,26"
314330205000054,"299,00","831,00","2,15","2.343,87","5.015.365,83"
314330205000055,"198,00","667,00","3,65","1.282,54","401.821,88"
314330205000056,"197,00","586,00","2,68","1.351,13","350.013,22"
314330205000058,"180,00","516,00","2,33","2.079,77","2.476.378,68"
314330205000059,"249,00","716,00","2,50","2.222,86","2.690.229,74"
314330205000060,"262,00","684,00","2,22","2.602,21","11.166.918,08"
314330205000061,"217,00","605,00","1,73","2.826,65","11.014.286,60"
314330205000062,"257,00","731,00","2,13","2.770,65","7.522.816,67"
314330205000064,"256,00","680,00","2,01","2.891,78","6.223.849,54"
314330205000065,"233,00","620,00","2,29","2.484,86","6.443.526,91"
314330205000066,"173,00","448,00","2,03","2.706,29","13.390.720,20"
314330205000067,"191,00","536,00","2,13","3.167,75","15.899.289,85"
314330205000068,"206,00","555,00","2,08","1.917,32","4.872.157,52"
314330205000069,"153,00","400,00","1,75","2.637,82","7.637.834,68"
314330205000072,"221,00","620,00","1,50","3.012,97","15.080.680,30"
314330205000074,"234,00","652,00","1,71","2.334,78","4.669.651,75"
314330205000076,"278,00","809,00","2,60","2.802,13","7.543.646,29"
314330205000077,"240,00","654,00","1,97","2.593,65","6.418.362,66"
314330205000078,"200,00","540,00","2,11","2.248,77","4.548.735,12"
314330205000080,"257,00","677,00","2,09","3.166,68","12.076.522,07"
314330205000082,"231,00","592,00","1,60","2.637,10","8.371.803,82"
314330205000083,"228,00","688,00","2,64","1.610,94","2.113.767,85"
314330205000084,"166,00","427,00","1,85","1.364,72","1.810.945,45"
314330205000085,"184,00","466,00","1,92","1.947,12","2.677.019,76"
314330205000086,"201,00","494,00","1,72","2.612,81","6.057.650,24"
314330205000088,"223,00","562,00","1,91","2.849,34","9.920.032,41"
314330205000089,"262,00","584,00","1,54","2.598,99","5.896.108,32"
314330205000093,"198,00","533,00","2,12","3.518,81","8.420.152,67"
314330205000094,"231,00","606,00","1,53","3.804,67","12.109.556,58"
314330205000095,"211,00","516,00","1,46","10.671,90","1.351.724.877,85"
314330205000097,"220,00","596,00","1,68","6.440,71","35.535.657,79"
314330205000099,"303,00","880,00","2,60","1.251,52","591.316,51"
314330205000101,"294,00","872,00","2,03","1.424,02","855.707,67"
314330205000102,"234,00","723,00","2,41","1.691,80","1.807.843,92"
314330205000104,"137,00","392,00","2,05","1.996,76","971.865,91"
314330205000105,"322,00","920,00","1,68","1.550,45","934.269,99"
314330205000107,"193,00","591,00","2,31","1.782,13","2.910.028,10"
314330205000108,"211,00","666,00","2,65","1.245,40","196.640,84"
314330205000109,"253,00","766,00","2,52","1.216,42","296.500,26"
314330205000110,"172,00","512,00","2,63","1.341,19","521.145,08"
314330205000111,"188,00","524,00","1,72","1.456,34","983.006,10"
314330205000112,"293,00","781,00","2,04","1.521,54","1.290.059,68"
314330205000113,"137,00","372,00","1,65","2.082,18","1.138.320,19"
314330205000114,"204,00","605,00","2,04","1.517,05","2.664.045,41"
314330205000115,"227,00","621,00","2,23","1.312,66","343.519,79"
314330205000116,"145,00","400,00","2,39","1.338,01","1.112.653,61"
314330205000117,"194,00","560,00","2,07","1.502,61","1.897.726,78"
314330205000118,"217,00","625,00","1,59","1.585,02","1.046.586,72"
314330205000119,"136,00","389,00","2,12","1.177,00","279.670,31"
314330205000120,"208,00","618,00","2,00","1.768,19","2.493.669,96"
314330205000121,"235,00","704,00","1,72","1.826,02","2.968.469,95"
314330205000122,"206,00","566,00","1,56","1.824,29","1.531.455,70"
314330205000124,"218,00","645,00","1,99","1.920,53","2.388.495,19"
314330205000126,"210,00","629,00","2,24","1.354,58","1.622.754,56"
314330205000127,"140,00","450,00","2,76","1.081,30","219.911,73"
314330205000129,"219,00","633,00","2,13","1.933,95","1.679.579,16"
314330205000131,"164,00","448,00","2,16","1.390,64","412.256,45"
314330205000132,"263,00","823,00","3,22","1.315,65","642.115,08"
314330205000133,"240,00","742,00","2,54","1.866,85","878.737,38"
314330205000135,"154,00","466,00","2,54","1.575,84","3.835.687,26"
314330205000137,"291,00","807,00","1,96","1.996,16","6.826.280,99"
314330205000139,"93,00","266,00","2,67","1.343,49","687.212,43"
314330205000140,"201,00","623,00","2,54","1.598,11","2.060.728,61"
314330205000141,"219,00","640,00","2,33","1.573,77","1.993.901,03"
314330205000142,"255,00","758,00","1,94","2.723,01","12.087.536,72"
314330205000144,"211,00","589,00","1,65","2.330,72","3.085.868,07"
314330205000145,"164,00","430,00","1,49","2.782,04","10.655.428,64"
314330205000146,"140,00","402,00","1,39","2.785,40","6.310.414,65"
314330205000148,"207,00","589,00","1,81","2.788,22","8.465.755,37"
314330205000149,"252,00","717,00","1,97","1.745,34","1.971.116,18"
314330205000150,"195,00","573,00","1,86","1.533,98","1.191.401,47"
314330205000151,"184,00","539,00","2,43","1.544,56","2.264.061,90"
314330205000152,"198,00","588,00","1,87","2.317,87","6.431.694,40"
314330205000153,"276,00","715,00","1,65","1.910,47","9.047.953,35"
314330205000154,"178,00","484,00","1,97","1.793,18","358.013,34"
314330205000155,"272,00","799,00","2,74","2.299,71","5.986.244,68"
314330205000157,"348,00","990,00","1,98","2.411,08","5.899.772,23"
314330205000158,"276,00","751,00","1,94","2.743,65","7.905.246,22"
314330205000159,"205,00","570,00","2,28","1.998,74","3.367.588,94"
314330205000160,"188,00","572,00","1,83","2.423,66","4.836.157,39"
314330205000161,"285,00","786,00","1,82","2.014,85","3.957.341,02"
314330205000162,"232,00","674,00","2,29","1.847,10","4.995.523,89"
314330205000163,"259,00","729,00","1,87","2.159,02","4.502.411,19"
314330205000165,"199,00","595,00","2,62","1.917,12","2.079.062,59"
314330205000166,"245,00","715,00","2,21","2.474,59","7.144.882,36"
314330205000167,"296,00","865,00","2,02","3.595,49","15.266.042,80"
314330205000168,"296,00","869,00","2,32","3.411,91","11.857.413,31"
314330205000170,"177,00","491,00","2,35","2.065,43","4.264.721,51"
314330205000171,"198,00","559,00","1,84","2.663,80","14.283.516,67"
314330205000173,"193,00","493,00","1,58","2.993,13","9.393.904,96"
314330205000175,"211,00","595,00","2,48","2.486,98","5.962.501,84"
314330205000177,"235,00","585,00","1,76","3.416,06","13.235.087,49"
314330205000178,"195,00","459,00","1,47","3.037,63","8.641.434,15"
314330205000179,"219,00","582,00","1,82","3.244,84","12.340.494,24"
314330205000180,"242,00","623,00","1,50","5.456,70","29.711.629,17"
314330205000181,"256,00","664,00","1,61","4.143,98","18.462.263,61"
314330205000182,"176,00","461,00","1,51","2.280,15","6.096.108,74"
314330205000183,"209,00","582,00","2,12","2.531,83","8.503.369,54"
314330205000184,"197,00","521,00","1,56","2.292,63","5.334.023,43"
314330205000185,"201,00","565,00","2,00","2.485,32","11.727.789,29"
314330205000191,"271,00","792,00","2,17","2.708,03","8.276.699,77"
314330205000192,"192,00","529,00","1,75","3.325,85","10.894.896,87"
314330205000193,"185,00","490,00","1,61","2.493,95","4.495.409,72"
314330205000194,"187,00","535,00","1,78","1.205,10","369.403,81"
314330205000195,"290,00","919,00","2,67","1.307,20","830.261,51"
314330205000196,"66,00","237,00","3,45","1.165,65","346.579,09"
314330205000198,"236,00","662,00","1,44","2.450,15","4.582.201,51"
314330205000202,"181,00","538,00","1,49","2.062,16","4.582.712,33"
314330205000203,"258,00","776,00","2,11","1.724,79","3.898.149,85"
314330205000204,"213,00","682,00","2,13","1.359,58","824.150,57"
314330205000206,"239,00","741,00","2,67","1.790,10","1.933.955,90"
314330205000207,"143,00","434,00","2,20","1.792,29","1.986.987,59"
314330205000209,"271,00","801,00","1,96","1.748,39","2.325.812,35"
314330205000211,"263,00","733,00","1,41","2.089,96","4.165.049,91"
314330205000212,"212,00","687,00","1,71","1.738,61","929.023,36"
314330205000213,"225,00","678,00","2,50","1.579,32","1.425.240,67"
314330205000215,"78,00","259,00","2,12","1.751,02","1.695.626,02"
314330205000216,"220,00","729,00","2,64","2.595,84","4.451.684,02"
314330205000217,"285,00","826,00","2,28","2.035,52","1.897.944,81"
314330205000218,"147,00","517,00","3,54","1.145,02","337.858,93"
314330205000219,"309,00","889,00","2,27","1.513,14","1.700.280,37"
314330205000220,"195,00","630,00","2,45","1.861,32","4.808.964,52"
314330205000221,"298,00","899,00","1,50","3.100,74","9.270.115,03"
314330205000222,"224,00","662,00","1,44","3.402,19","11.118.036,27"
314330205000223,"240,00","684,00","2,01","2.446,97","3.944.322,07"
314330205000225,"333,00","955,00","2,01","2.195,82","7.002.149,29"
314330205000226,"294,00","797,00","1,71","2.800,13","9.199.758,69"
314330205000227,"271,00","688,00","1,86","2.303,02","3.778.761,71"
314330205000228,"233,00","646,00","1,95","1.911,34","2.389.489,14"
314330205000229,"247,00","744,00","2,01","2.250,21","6.446.234,27"
314330205000230,"279,00","795,00","1,94","1.505,80","735.550,14"
314330205000231,"285,00","859,00","2,46","1.467,83","1.270.743,16"
314330205000232,"101,00","320,00","2,36","1.282,54","477.250,62"
314330205000233,"209,00","630,00","1,90","1.685,70","1.537.276,42"
314330205000234,"235,00","687,00","2,37","1.796,00","3.393.567,97"
314330205000236,"226,00","702,00","2,34","1.744,60","4.729.629,46"
314330205000237,"303,00","893,00","1,86","1.918,62","3.125.775,56"
314330205000238,"295,00","847,00","1,77","1.823,60","983.120,25"
314330205000239,"192,00","493,00","1,48","2.123,57","2.327.431,77"
314330205000240,"188,00","521,00","1,89","1.885,44","3.275.470,71"
314330205000241,"110,00","288,00","2,44","1.345,70","369.504,86"
314330205000242,"170,00","506,00","2,61","1.512,91","1.731.719,55"
314330205000243,"233,00","602,00","1,80","2.804,92","24.867.516,54"
314330205000244,"274,00","811,00","1,88","2.128,03","3.130.197,65"
314330205000246,"130,00","436,00","2,52","1.324,27","828.299,56"
314330205000247,"164,00","449,00","1,57","5.179,47","20.828.632,12"
314330205000248,"263,00","682,00","1,47","4.968,71","24.521.808,50"
314330205000250,"191,00","618,00","2,63","1.523,28","727.736,67"
314330205000253,"282,00","845,00","1,88","1.762,11","2.284.628,73"
314330205000254,"193,00","547,00","2,45","1.231,55","340.161,83"
314330205000256,"232,00","648,00","1,88","1.653,98","841.129,08"
314330205000257,"234,00","699,00","1,85","2.166,26","5.320.512,20"
314330205000258,"247,00","707,00","1,98","1.951,42","2.267.957,26"
314330205000259,"253,00","721,00","1,76","1.887,18","2.710.551,08"
314330205000260,"208,00","611,00","1,88","1.814,07","1.758.934,92"
314330205000261,"290,00","882,00","1,81","1.628,15","1.147.708,87"
314330205000263,"284,00","836,00","1,98","1.903,75","2.402.465,37"
314330205000264,"283,00","851,00","1,59","2.213,02","2.915.000,02"
314330205000265,"158,00","483,00","1,66","1.968,13","1.575.391,56"
314330205000266,"178,00","526,00","1,81","2.167,94","5.801.074,21"
314330205000267,"219,00","669,00","2,91","1.347,43","357.963,37"
314330205000268,"205,00","599,00","2,00","1.345,35","465.269,42"
314330205000269,"30,00","108,00","3,56","1.916,78","818.634,64"
314330205000270,"277,00","799,00","2,23","2.220,24","4.800.947,91"
314330205000271,"77,00","211,00","1,77","8.243,48","3.587.191.565,09"
314330205000272,"115,00","305,00","2,02","2.060,73","7.610.523,39"
314330205000273,"267,00","880,00","3,09","1.404,93","533.795,47"
314330205000276,"115,00","281,00","1,71","1.397,01","573.952,24"
314330205000279,"40,00","111,00","1,87","2.297,42","15.702.185,71"
314330205000281,"60,00","130,00","1,36","1.638,51","1.966.076,77"
314330205000282,"58,00","149,00","1,20","1.697,61","3.934.979,35"
314330205000284,"131,00","373,00","2,07","1.808,46","2.072.683,82"
314330205000285,"26,00","61,00","2,32","1.558,42","535.556,01"
314330205000286,"51,00","107,00","1,09","1.875,96","1.120.621,47"
314330205000287,"75,00","189,00","1,60","1.638,28","3.069.158,57"
314330205000288,"40,00","92,00","1,55","1.330,79","724.510,96"
314330205000289,"61,00","132,00","1,37","1.386,97","455.707,47"
314330205000290,"166,00","488,00","2,83","1.561,60","560.063,68"
314330205000291,"86,00","284,00","2,54","1.220,88","788.346,88"
314330205000292,"283,00","885,00","2,27","2.044,18","1.047.360,96"
314330205000293,"277,00","833,00","1,67","3.745,68","24.010.171,97"
314330205000295,"215,00","651,00","2,17","3.066,87","42.928.954,86"
314330205000296,"106,00","322,00","1,60","7.158,96","50.643.845,70"
314330205000297,"93,00","194,00","1,34","2.696,59","9.807.286,57"
314330205000298,"109,00","296,00","1,34","6.935,34","72.455.271,13"
314330205000299,"118,00","334,00","1,46","13.037,46","135.301.206,05"
314330205000302,X,X,X,X,X
314330205000305,"239,00","652,00","1,96","2.486,61","4.605.452,87"
314330205000306,"357,00","1.080,00","2,26","2.044,09","12.240.681,96"
314330205000307,"228,00","627,00","2,05","2.242,93","8.184.857,17"
314330205000308,"323,00","907,00","1,86","3.074,91","11.060.058,31"
314330205000309,"164,00","490,00","1,93","2.104,57","3.795.846,26"
314330205000310,"264,00","751,00","1,84","2.640,57","5.958.218,25"
314330205000314,"254,00","790,00","2,16","1.314,88","611.754,47"
314330205000315,"180,00","537,00","1,85","1.242,38","118.597,92"
314330205000317,"96,00","301,00","2,31","1.362,91","331.796,50"
314330205000319,"185,00","532,00","1,87","1.433,46","740.292,80"
314330205000321,"259,00","679,00","1,79","1.551,42","926.699,76"
314330205000323,"132,00","428,00","3,02","1.503,11","2.797.127,15"
314330205000324,"213,00","603,00","2,07","1.298,74","285.314,37"
314330205000325,"207,00","647,00","2,85","1.921,42","2.416.003,59"
314330205000327,"228,00","680,00","1,96","1.692,54","2.228.061,16"
314330205000328,"194,00","589,00","1,68","2.269,43","3.944.271,28"
314330205000330,"244,00","770,00","2,03","2.526,64","4.809.357,25"
314330205000331,"221,00","650,00","1,65","2.505,26","5.557.865,07"
314330205000334,"183,00","496,00","1,98","1.684,86","2.210.723,11"
314330205000335,"274,00","772,00","2,05","2.692,53","9.744.017,90"
314330205000337,"185,00","512,00","1,68","2.195,68","3.227.329,57"
314330205000338,"250,00","763,00","2,07","2.489,03","5.618.512,51"
314330205000340,"224,00","609,00","1,77","3.331,99","8.337.620,13"
314330205000342,"183,00","506,00","1,40","6.300,72","34.243.984,14"
314330205000345,"230,00","686,00","1,50","2.969,80","7.515.956,16"
314330205000346,"242,00","738,00","2,44","1.300,99","815.453,63"
314330205000347,"191,00","565,00","2,08","1.824,44","2.669.602,31"
314330205000348,"168,00","482,00","2,13","3.471,83","9.679.796,61"
314330205000349,"212,00","628,00","1,83","2.693,58","3.377.945,96"
314330205000350,"244,00","783,00","1,70","2.229,80","4.227.629,02"
314330205000351,"237,00","718,00","1,48","2.144,02","3.997.157,98"
314330205000352,"255,00","781,00","2,14","2.146,41","11.471.376,11"
314330205000353,"274,00","770,00","1,70","1.636,56","1.520.398,02"
314330205000354,"185,00","583,00","1,67","2.238,58","2.808.591,86"
314330205000355,"238,00","663,00","1,70","1.709,04","2.253.295,83"
314330205000356,"235,00","735,00","2,38","1.536,25","1.242.600,49"
314330205000359,"213,00","646,00","1,83","1.768,66","1.885.462,68"
314330205000360,"232,00","700,00","1,84","1.738,10","2.158.873,60"
314330205000362,"270,00","776,00","1,78","2.524,90","7.638.316,50"
314330205000363,"225,00","657,00","2,46","1.994,96","4.118.056,30"
314330205000365,"191,00","563,00","1,80","2.861,68","7.227.774,72"
314330205000367,"287,00","839,00","2,00","1.478,27","500.826,54"
314330205000368,X,X,X,X,X
314330205000370,"169,00","534,00","2,17","1.438,54","636.341,62"
314330205000372,"274,00","801,00","2,04","1.909,93","3.293.340,25"
314330205000373,"222,00","628,00","1,84","2.999,63","140.469.065,28"
314330205000374,"236,00","715,00","2,10","1.764,89","1.992.560,16"
314330205000379,"305,00","910,00","1,52","2.101,74","3.364.161,09"
314330205000380,"101,00","265,00","2,34","1.560,77","1.303.244,80"
314330205000382,"53,00","124,00","1,81","1.344,38","398.641,39"
314330205000384,X,X,X,X,X
314330205000389,"154,00","517,00","1,66","13.651,87","147.885.723,39"
314330205000391,"133,00","423,00","2,15","1.859,81","9.776.108,16"
314330205000392,"229,00","775,00","2,05","1.180,51","370.874,28"
314330205000393,"243,00","821,00","3,05","1.247,06","1.175.419,98"
314330205000397,"194,00","652,00","2,97","1.517,78","1.274.973,33"
314330205000398,"268,00","890,00","2,61","1.228,22","579.362,45"
314330205000399,"293,00","973,00","2,88","1.273,90","947.288,82"
314330205000400,"328,00","1.080,00","2,13","1.305,47","524.918,90"
314330205000401,"95,00","255,00","2,58","1.438,83","1.192.939,49"
314330205000404,"173,00","524,00","2,94","1.266,28","1.751.030,15"
314330205000405,"36,00","84,00","1,54","1.222,86","140.450,42"
314330205000406,"67,00","151,00","1,40","2.127,33","8.330.946,26"
314330205000407,"89,00","258,00","3,02","1.479,42","4.604.696,58"
314330205000409,"113,00","296,00","1,52","1.822,60","2.766.319,65"
314330205000410,"79,00","174,00","1,32","2.286,79","8.302.206,52"
314330205000411,"49,00","125,00","1,25","1.518,67","934.626,10"
314330205000412,"34,00","99,00","2,26","1.161,45","266.365,82"
314330205000414,"74,00","188,00","1,87","1.349,71","810.993,09"
314330205000415,"127,00","337,00","1,63","1.853,48","3.007.241,18"
314330205000416,"60,00","104,00","1,11","2.727,82","4.986.372,07"
314330205000417,"36,00","54,00","0,83","3.973,19","11.185.342,29"
314330205000418,"67,00","156,00","1,92","3.079,15","6.784.167,53"
314330205000419,"228,00","527,00","1,55","4.421,84","19.293.709,82"
314330205000421,"150,00","378,00","1,74","6.625,00","45.692.112,05"
314330205000426,"169,00","454,00","2,12","3.258,43","61.303.732,45"
314330205000427,"197,00","524,00","1,61","5.165,92","26.104.327,09"
314330205000428,"178,00","392,00","1,22","3.682,35","10.947.018,15"
314330205000429,"145,00","352,00","1,45","7.577,91","50.873.889,26"
314330205000431,"170,00","467,00","1,70","7.507,88","64.406.463,83"
314330205000432,"211,00","640,00","1,73","1.636,18","965.396,60"
314330205000433,"235,00","657,00","2,22","5.693,92","29.680.378,80"
314330205000434,"258,00","760,00","2,25","2.927,32","5.965.319,49"
314330205000435,"202,00","515,00","1,29","5.996,63","39.285.278,81"
314330205000436,"81,00","186,00","1,61","4.494,08","19.495.408,46"
314330205000437,"174,00","490,00","2,06","1.489,63","989.004,43"
314330205000438,"242,00","687,00","2,08","2.244,22","6.778.941,82"
314330205000439,"183,00","501,00","2,22","2.735,79","8.333.221,72"
314330205000440,"146,00","391,00","1,83","2.438,04","6.596.897,60"
314330205000442,"172,00","461,00","1,84","8.606,03","74.454.927,20"
314330205000446,"225,00","625,00","1,60","2.697,70","4.915.096,22"
314330205000447,"15,00","43,00","3,12","1.260,31","178.643,90"
314330205000448,"142,00","394,00","2,46","1.482,40","888.654,06"
314330205000449,"144,00","405,00","1,83","1.648,39","2.592.421,97"
314330205000450,"130,00","321,00","1,65","1.318,77","453.724,18"
314330205000451,"159,00","458,00","1,80","1.754,18","1.245.236,19"
314330205000453,"212,00","658,00","1,54","3.373,12","23.115.678,41"
314330205000454,"212,00","650,00","1,46","2.502,31","5.752.316,49"
314330205000455,"96,00","279,00","2,00","1.408,60","1.646.349,86"
314330205000457,"223,00","655,00","2,10","1.457,96","833.027,82"
314330205000458,"176,00","526,00","2,46","1.976,47","3.999.975,43"
314330205000459,"192,00","548,00","1,96","2.730,66","6.164.642,08"
314330205000460,"220,00","602,00","2,27","1.450,32","749.849,00"
314330205000461,"190,00","544,00","1,50","2.752,52","10.127.531,74"
314330205000463,"159,00","438,00","2,14","1.438,17","1.055.517,35"
314330205000464,"161,00","484,00","2,38","1.552,03","1.711.612,00"
314330205000465,"204,00","605,00","2,07","2.550,75","5.652.960,33"
314330205000467,"192,00","486,00","1,64","2.727,55","7.375.527,05"
314330205000468,"194,00","571,00","2,22","3.636,92","18.632.275,18"
314330205000469,"194,00","473,00","1,50","3.302,03","11.189.834,33"
314330205000470,"147,00","358,00","1,48","2.979,83","6.141.370,19"
314330205000471,"174,00","506,00","2,14","2.229,35","4.991.220,77"
314330205000472,"229,00","618,00","1,42","5.639,18","38.708.834,51"
314330205000473,"204,00","548,00","1,58","5.853,99","41.256.170,69"
314330205000474,"212,00","606,00","1,55","5.505,71","55.905.284,43"
314330205000475,"98,00","266,00","1,22","7.231,49","26.009.005,50"
314330205000476,"168,00","487,00","1,62","6.888,72","30.049.646,79"
314330205000477,"129,00","353,00","1,71","5.874,99","22.498.229,66"
314330205000478,"157,00","395,00","1,29","5.939,44","22.712.984,35"
314330205000480,"87,00","236,00","1,93","4.130,02","10.972.638,29"
314330205000481,"189,00","563,00","1,72","2.801,35","6.087.840,74"
314330205000482,"217,00","615,00","1,60","2.717,58","7.267.375,75"
314330205000483,"216,00","641,00","1,96","1.685,96","826.415,84"
314330205000485,"272,00","825,00","2,95","2.217,37","6.122.884,99"
314330205000486,"230,00","675,00","1,50","1.977,18","1.428.324,35"
314330205000487,"256,00","767,00","1,45","1.915,30","943.252,88"
314330205000488,"288,00","959,00","2,19","1.742,19","1.945.621,96"
314330205000490,"202,00","563,00","1,69","1.665,74","940.981,16"
314330205000492,"258,00","766,00","2,15","1.444,69","832.826,25"
314330205000493,"183,00","556,00","2,12","1.855,95","2.754.962,48"
314330205000495,"206,00","643,00","2,12","1.948,24","2.036.137,26"
314330205000497,"290,00","934,00","2,19","1.418,26","694.583,22"
314330205000498,"184,00","540,00","1,93","1.859,65","10.858.253,21"
314330205000502,"257,00","742,00","1,59","1.823,09","5.284.803,42"
314330205000503,"252,00","724,00","2,35","1.689,64","2.523.956,16"
314330205000504,"162,00","475,00","2,05","2.008,68","9.220.402,82"
314330205000506,"212,00","615,00","2,37","1.754,49","1.793.605,29"
314330205000507,"202,00","510,00","1,52","2.861,94","8.807.178,22"
314330205000508,"174,00","509,00","1,68","5.753,31","36.124.339,14"
314330205000509,"241,00","781,00","3,02","1.325,44","388.838,75"
314330205000511,"266,00","782,00","1,39","2.123,51","2.890.768,86"
314330205000512,"195,00","543,00","1,59","1.908,11","1.051.848,66"
314330205000513,"37,00","121,00","2,81","1.212,35","491.741,68"
314330205000515,"181,00","533,00","1,96","1.334,30","947.506,24"
314330205000522,"131,00","405,00","2,35","1.517,03","1.269.068,15"
314330205000523,"121,00","369,00","1,95","1.819,97","1.867.061,81"
314330205000524,"252,00","702,00","1,52","1.796,10","1.340.631,30"
314330205000525,"180,00","538,00","1,65","2.546,33","6.159.982,01"
314330205000526,"292,00","836,00","1,80","2.292,39","4.350.369,42"
314330205000527,"226,00","637,00","1,75","1.723,31","4.060.658,82"
314330205000528,"286,00","874,00","1,77","1.447,45","747.134,61"
314330205000531,"177,00","475,00","1,51","2.154,65","2.469.069,20"
314330205000532,"188,00","491,00","1,69","2.558,98","3.932.267,69"
314330205000533,"222,00","700,00","2,41","1.721,47","1.312.086,97"
314330205000534,"311,00","920,00","1,36","3.265,99","13.218.796,78"
314330205000538,"196,00","550,00","1,38","4.084,61","10.499.041,23"
314330205000539,"70,00","223,00","1,23","11.281,60","104.198.609,34"
314330205000540,"15,00","47,00","0,55","6.698,86","11.299.301,36"
314330205000541,"145,00","292,00","1,15","3.280,60","10.326.202,18"
314330205000544,"161,00","495,00","1,94","5.142,19","24.199.311,38"
314330205000550,"214,00","617,00","2,26","1.780,90","2.287.764,68"
314330205000551,"120,00","411,00","3,51","2.898,40","9.571.361,41"
314330205000554,"159,00","526,00","3,29","1.265,41","423.656,99"
314330205000557,"160,00","471,00","2,07","2.244,75","4.314.264,10"
314330205000558,"134,00","410,00","1,76","2.101,84","3.888.514,05"
314330205000559,"249,00","791,00","1,51","2.734,60","5.573.912,96"
314330205000560,"209,00","436,00","1,03","2.261,99","2.353.615,76"
314330205000561,"243,00","538,00","1,19","2.288,10","3.292.312,81"
314330205000562,"208,00","454,00","0,94","2.473,38","3.001.157,96"
314330205000563,"178,00","376,00","1,03","2.362,66","2.673.135,48"
314330205000565,"186,00","559,00","1,78","2.681,92","7.122.150,51"
314330205000566,"200,00","603,00","2,12","3.999,58","13.618.959,16"
314330205000567,"111,00","306,00","1,79","7.597,14","50.522.765,36"
314330205000568,"164,00","448,00","1,39","4.949,62","14.670.505,86"
314330205000569,"130,00","392,00","1,66","3.231,09","8.296.867,84"
314330205000570,"189,00","579,00","1,59","1.685,37","5.559.764,99"
314330205000571,"154,00","480,00","1,91","4.101,62","17.107.793,52"
314330205000573,"243,00","769,00","2,09","2.678,67","32.244.017,28"
314330205000574,"289,00","869,00","2,00","2.155,78","2.544.736,48"
314330205000575,"187,00","726,00","3,51","1.187,40","393.010,98"
314330205000576,"130,00","412,00","1,79","1.438,60","400.241,49"
314330205000577,"151,00","459,00","1,29","2.658,10","3.051.258,15"
314330205000578,"159,00","533,00","1,61","2.712,19","18.391.704,81"
314330205000579,"108,00","330,00","1,68","1.810,80","803.711,62"
314330205000580,"94,00","292,00","1,41","1.907,98","1.248.137,68"
314330205000581,"276,00","851,00","1,94","1.923,07","2.596.213,22"
314330205000582,"210,00","619,00","2,27","2.078,52","5.213.380,91"
314330205000583,"275,00","857,00","1,61","1.997,06","2.039.252,86"
314330205000584,"266,00","791,00","1,90","1.783,90","2.199.994,48"
314330205000586,"214,00","665,00","2,00","3.315,52","8.088.210,46"
314330205000588,"211,00","643,00","1,81","1.728,43","1.207.441,69"
314330205000589,"264,00","801,00","1,61","2.473,45","22.153.419,13"
314330205000591,"279,00","820,00","1,68","1.576,85","1.370.430,90"
314330205000592,"111,00","311,00","1,54","3.089,92","14.246.133,59"
314330205000593,"186,00","565,00","1,65","1.456,38","1.193.823,14"
314330205000594,"180,00","516,00","1,90","1.556,10","2.139.049,05"
314330205000597,"294,00","887,00","1,84","1.654,68","1.152.934,79"
314330205000599,"199,00","607,00","1,29","1.910,02","2.001.836,78"
314330205000600,"194,00","585,00","1,83","1.607,79","1.890.988,68"
314330205000601,"147,00","454,00","2,27","1.706,44","1.987.510,98"
314330205000603,"257,00","748,00","1,40","2.589,88","7.309.223,16"
314330205000604,"195,00","376,00","0,92","2.982,12","9.265.957,04"
314330205000605,"228,00","687,00","2,03","1.425,49","729.856,41"
314330205000606,"219,00","632,00","1,66","2.075,18","2.885.376,84"
314330205000607,"289,00","1.119,00","2,99","1.158,38","1.457.760,45"
314330205000608,"220,00","848,00","3,60","1.139,21","457.291,51"
314330205000609,"164,00","510,00","1,12","1.887,83","1.213.522,74"
314330205000610,"231,00","849,00","2,97","1.206,86","599.579,24"
314330205000611,"192,00","804,00","2,62","1.157,79","722.554,27"
314330205000612,"256,00","993,00","3,09","1.277,07","1.753.220,15"
314330205000613,"281,00","1.032,00","2,95","1.246,15","365.340,29"
314330205000614,"290,00","980,00","2,37","1.356,08","868.384,35"
314330205000615,"39,00","123,00","2,24","1.226,38","950.489,15"
314330205000616,"185,00","612,00","1,96","1.277,90","653.157,59"
314330205000617,"176,00","608,00","2,68","1.137,21","414.162,50"
314330205000619,"252,00","666,00","1,38","2.404,51","2.722.954,47"
314330205000620,"244,00","657,00","1,26","2.494,96","3.707.494,34"
314330205000622,"203,00","739,00","3,30","971,84","333.803,08"
314330205000628,"137,00","383,00","1,16","2.034,93","1.937.023,26"
314330205000629,"36,00","103,00","1,49","3.257,09","12.171.170,27"
314330205000631,"184,00","483,00","1,26","2.916,88","5.635.537,21"
314330205000633,"43,00","115,00","2,13","4.481,07","14.241.180,02"
314330205000635,"143,00","347,00","1,78","5.589,01","28.993.037,70"
314330205000636,"125,00","290,00","1,33","7.904,97","57.447.467,49"
314330205000637,"143,00","356,00","1,41","5.032,96","28.930.568,61"
314330205000638,"208,00","454,00","1,15","3.438,44","13.008.353,63"
314330205000639,"181,00","472,00","1,87","3.894,04","39.382.760,25"
314330205000640,"118,00","332,00","1,62","3.482,72","19.914.291,08"
314330205000641,"88,00","224,00","1,97","2.881,78","6.245.124,24"
314330205000642,"132,00","332,00","2,14","2.508,76","9.420.374,23"
314330205000643,"66,00","192,00","1,75","3.226,03","9.733.969,94"
314330205000644,"173,00","407,00","1,49","2.816,68","14.580.109,29"
314330205000645,"104,00","243,00","1,12","7.744,14","101.146.270,33"
314330205000646,"158,00","378,00","1,26","9.517,02","91.738.826,85"
314330205000647,"110,00","286,00","1,53","6.120,56","38.261.923,87"
314330205000648,"82,00","205,00","1,44","6.531,29","53.298.392,90"
314330205000649,"120,00","282,00","1,31","7.277,83","61.807.561,07"
314330205000650,"172,00","425,00","1,62","6.483,58","54.140.347,39"
314330205000651,"123,00","325,00","1,40","6.993,78","46.059.474,63"
314330205000652,"134,00","403,00","2,20","6.811,93","60.185.055,31"
314330205000653,"270,00","651,00","2,04","3.197,17","13.631.560,18"
314330205000655,"106,00","222,00","1,06","4.953,68","101.453.863,16"
314330205000656,"164,00","439,00","1,41","5.339,99","38.730.280,92"
314330205000657,"190,00","509,00","2,16","3.107,83","12.636.788,42"
314330205000658,"188,00","477,00","1,82","3.020,68","11.533.309,23"
314330205000659,"187,00","468,00","1,85","2.581,94","4.964.758,38"
314330205000660,"207,00","522,00","1,44","2.646,76","17.603.352,25"
314330205000661,"294,00","843,00","1,84","3.016,70","10.920.749,70"
314330205000663,"213,00","576,00","1,84","2.753,00","8.595.173,98"
314330205000664,"20,00","50,00","1,53","4.207,20","19.830.293,22"
314330205000665,"128,00","330,00","1,73","3.070,30","10.476.129,80"
314330205000666,"203,00","557,00","2,26","1.889,65","4.035.250,32"
314330205000667,"302,00","859,00","2,07","2.296,65","5.239.464,70"
314330205000668,X,X,X,X,X
314330205000669,"149,00","427,00","2,31","2.250,41","5.626.439,27"
314330205000670,"161,00","442,00","2,27","1.946,14","3.934.087,25"
314330205000671,"153,00","430,00","1,69","2.844,71","8.637.672,26"
314330205000672,"184,00","550,00","1,97","3.260,42","11.355.911,58"
314330205000673,"116,00","327,00","1,75","3.556,48","15.839.804,33"
314330205000674,"227,00","643,00","2,00","2.778,60","7.165.337,17"
314330205000675,"116,00","290,00","1,50","3.171,29","9.235.599,16"
314330205000676,"181,00","442,00","1,67","3.133,79","10.208.035,89"
314330205000677,"77,00","196,00","1,91","2.885,00","8.036.068,05"
314330205000678,"156,00","398,00","1,41","3.707,51","11.541.421,48"
314330205000679,"158,00","408,00","1,71","2.922,08","27.705.459,67"
314330205000680,"156,00","442,00","2,05","3.325,74","14.231.054,51"
314330205000681,"128,00","353,00","1,32","7.478,71","46.982.764,51"
314330205000682,"99,00","311,00","1,53","16.561,65","116.660.273,21"
314330205000683,"157,00","470,00","1,46","7.552,64","56.083.915,15"
314330205000684,"160,00","406,00","1,95","9.671,82","56.452.963,40"
314330205000685,"154,00","452,00","2,39","1.775,84","4.333.320,60"
314330205000686,"57,00","194,00","3,49","1.192,18","336.504,19"
314330205000687,"169,00","514,00","1,69","1.176,79","68.122,46"
314330205000688,"160,00","470,00","1,86","1.552,06","1.325.798,32"
314330205000690,"239,00","664,00","1,80","1.656,68","1.243.197,34"
314330205000691,"272,00","791,00","1,90","2.068,51","2.791.250,48"
314330205000692,"6,00","28,00","0,67","3.087,33","4.015.202,67"
314330205000693,X,X,X,X,X
314330205000694,"103,00","293,00","1,49","1.179,03","230.787,06"
314330205000695,"144,00","436,00","2,31","1.205,67","239.087,95"
314330205000696,"221,00","593,00","2,04","1.869,19","2.168.309,46"
314330205000697,"150,00","443,00","2,77","2.041,61","3.279.958,49"
314330205000698,"227,00","641,00","2,15","1.519,36","960.932,68"
314330205000699,"141,00","427,00","1,97","1.668,37","1.279.651,61"
314330205000702,"27,00","98,00","3,55","1.234,80","881.402,67"
314330205000703,"282,00","840,00","1,82","1.896,55","2.326.437,88"
314330205000704,X,X,X,X,X
314330205000705,"112,00","318,00","1,72","2.787,87","16.727.941,22"
314330205000706,"179,00","499,00","1,98","2.069,27","3.665.371,52"
314330205000707,"186,00","519,00","2,17","2.109,65","4.173.108,24"
314330205000708,"7,00","20,00","0,48","3.134,00","7.470.265,33"
314330205000709,"170,00","480,00","2,16","2.612,00","4.915.750,40"
314330205000711,"140,00","422,00","2,13","3.646,84","11.945.465,10"
314330205000712,"184,00","421,00","1,47","3.972,15","14.800.179,94"
314330205000713,"83,00","195,00","1,55","2.016,55","1.791.358,06"
314330205000714,"155,00","379,00","1,27","4.210,97","13.586.340,87"
314330205000716,"185,00","431,00","1,33","3.906,87","16.536.373,65"
314330205000717,"116,00","297,00","1,38","7.165,70","55.841.705,94"
314330205000718,"138,00","377,00","1,89","2.845,96","10.341.745,32"
314330205000719,"155,00","378,00","1,51","5.393,44","31.654.641,59"
314330205000720,"146,00","411,00","2,08","2.621,31","37.217.191,70"
314330205000721,"140,00","394,00","1,95","6.632,02","70.242.380,35"
314330205000722,"172,00","463,00","1,72","2.728,57","9.515.738,55"
314330205000724,"139,00","410,00","1,41","5.177,27","20.053.166,67"
314330205000725,"169,00","501,00","1,62","6.199,42","30.646.862,67"
314330205000726,"241,00","604,00","1,69","2.119,64","2.422.298,08"
314330205000727,"58,00","155,00","1,10","3.715,79","23.023.180,61"
314330205000729,"41,00","131,00","3,91","1.430,24","1.427.094,44"
314330205000730,"147,00","462,00","1,40","2.026,36","2.328.493,90"
314330205000731,"183,00","556,00","1,80","1.867,60","1.944.719,89"
314330205000732,"279,00","823,00","2,44","1.854,19","2.922.541,01"
314330205000734,"190,00","550,00","1,80","1.765,39","1.978.029,29"
314330205000735,"156,00","430,00","1,79","1.831,23","1.695.230,20"
314330205000736,"127,00","359,00","2,00","1.564,91","595.828,42"
314330205000737,"209,00","583,00","1,80","1.394,70","850.626,82"
314330205000738,"50,00","160,00","2,65","1.289,96","518.749,24"
314330205000739,"124,00","385,00","1,35","1.660,48","921.968,53"
314330205000740,"266,00","748,00","2,18","1.825,85","3.006.195,87"
314330205000741,"9,00","30,00","2,75","1.994,22","2.476.684,44"
314330205000742,"156,00","461,00","2,15","1.365,88","711.061,18"
314330205000743,"65,00","200,00","2,32","1.143,83","210.346,31"
314330205000744,"211,00","637,00","1,63","2.529,09","4.193.573,61"
314330205000745,"189,00","556,00","1,60","3.008,21","5.341.110,03"
314330205000746,"200,00","585,00","1,84","1.669,70","2.733.204,25"
314330205000747,"137,00","407,00","1,69","1.547,67","900.598,43"
314330205000750,"84,00","242,00","2,01","1.935,37","7.074.286,43"
314330205000751,"90,00","223,00","1,58","1.975,17","8.463.241,16"
314330205000752,"196,00","529,00","2,34","3.122,71","11.754.848,32"
314330205000753,"193,00","495,00","1,64","4.651,20","26.080.595,17"
314330205000754,"178,00","491,00","1,47","9.273,56","75.719.914,54"
314330205000755,"97,00","303,00","1,78","9.516,52","98.562.923,20"
314330205000756,"238,00","725,00","1,50","4.966,80","22.128.621,89"
314330205000757,"28,00","71,00","1,44","4.000,86","5.115.032,13"
314330205000758,"11,00","38,00","3,07","1.234,91","363.760,29"
314330205000759,"44,00","106,00","0,76","2.201,45","2.898.058,51"
314330205000760,"273,00","894,00","1,88","1.776,40","1.463.934,13"
314330205000761,"110,00","332,00","1,69","1.664,40","773.894,96"
314330205000762,"157,00","497,00","3,10","1.311,74","427.024,56"
314330205000763,"200,00","577,00","1,90","1.635,59","1.793.087,57"
314330205000764,"48,00","127,00","2,23","1.476,34","925.105,67"
314330205000765,"169,00","431,00","1,77","2.840,33","64.328.430,32"
314330205000766,"48,00","114,00","2,88","1.558,77","4.249.711,57"
314330205000767,"205,00","564,00","1,57","2.117,84","2.770.616,40"
314330205000768,"175,00","518,00","1,35","2.724,05","4.157.669,76"
314330205000769,"215,00","626,00","1,72","3.342,72","9.002.169,85"
314330205000770,"215,00","622,00","1,45","3.692,28","14.286.612,89"
314330205000771,"188,00","484,00","1,41","3.469,16","8.540.034,03"
314330205000772,"155,00","470,00","2,04","2.575,71","8.196.667,92"
314330205000773,"129,00","351,00","1,09","4.667,38","20.355.704,62"
314330205000774,"149,00","434,00","2,23","3.406,01","15.318.458,75"
314330205000775,"171,00","437,00","1,39","8.655,52","105.068.530,17"
314330205000776,"187,00","522,00","1,57","4.958,99","27.589.712,96"
314330205000777,"121,00","363,00","1,42","2.474,93","4.039.922,13"
314330205000778,"137,00","402,00","1,90","2.465,86","5.544.485,50"
314330205000779,"119,00","336,00","2,55","3.871,41","14.936.880,36"
314330205000780,"146,00","444,00","1,87","2.576,71","6.320.366,97"
314330205000781,"178,00","518,00","1,48","6.970,72","26.864.609,87"
314330205000782,"151,00","475,00","1,71","6.433,89","27.522.850,09"
314330205000785,"209,00","627,00","1,37","2.510,88","3.971.660,21"
314330205000786,"126,00","281,00","1,01","3.868,38","7.037.371,33"
314330205000787,"262,00","841,00","2,33","1.880,01","1.939.244,47"
314330205000788,"13,00","36,00","3,19","1.440,00","1.174.386,67"
314330205000789,"30,00","86,00","1,91","2.743,87","38.156.098,74"
314330205000790,"209,00","699,00","2,47","1.280,19","1.641.046,18"
314330205000791,"205,00","641,00","2,53","1.143,16","184.465,96"
314330205000792,"148,00","389,00","2,06","1.775,69","4.862.451,97"
314330205000793,"63,00","162,00","1,51","1.915,68","2.663.318,74"
314330205000794,"200,00","625,00","2,19","2.097,10","5.335.289,52"
314330205000795,"188,00","513,00","1,67","1.938,76","3.835.454,81"
314330205000796,"111,00","304,00","1,36","5.857,57","56.341.548,00"
314330205000798,"27,00","82,00","1,73","2.711,11","2.512.564,10"
314330205000799,"9,00","27,00","3,00","5.001,33","18.636.116,00"
314330205000800,"196,00","571,00","1,23","2.702,37","3.754.856,86"
314330205000801,"196,00","547,00","1,47","2.554,88","2.974.853,96"
314330205000802,"192,00","542,00","1,55","6.179,49","47.134.460,41"
314330205000803,"25,00","81,00","4,61","2.766,24","14.294.757,44"
314330205000804,"49,00","103,00","1,43","1.788,98","1.458.153,37"
314330205000806,"161,00","369,00","1,42","8.869,30","77.128.766,02"
314330205000807,"152,00","406,00","1,15","6.564,79","102.046.250,99"
314330205000808,"139,00","254,00","0,77","3.830,81","7.526.726,50"
314330205000809,"233,00","623,00","1,84","3.427,99","10.868.832,80"
314330205000810,"180,00","502,00","1,77","3.368,31","7.917.706,84"
314330205000811,"126,00","395,00","2,13","2.884,03","10.891.056,35"
314330205000812,"161,00","394,00","1,52","7.937,03","70.597.547,45"
314330205000813,"112,00","258,00","1,31","6.047,09","32.504.439,39"
314330205000814,"81,00","219,00","1,31","16.817,80","237.955.016,76"
314330205000815,"110,00","316,00","1,80","7.735,15","46.624.764,42"
314330205000816,"107,00","293,00","1,36","12.574,15","101.793.311,14"
314330205000817,"146,00","438,00","1,49","9.454,55","77.184.468,86"
314330205000818,"190,00","490,00","1,46","4.912,14","24.248.412,57"
314330205000819,"119,00","278,00","1,77","6.545,79","40.523.266,60"
314330205000820,"142,00","366,00","1,35","9.704,61","66.767.313,38"
314330205000821,"147,00","448,00","1,88","2.065,36","3.810.394,41"
314330205000822,"201,00","631,00","1,90","1.298,42","131.249,37"
314330205000824,"200,00","613,00","2,24","2.321,92","6.614.762,43"
314330205000825,"215,00","632,00","1,80","1.617,28","1.128.593,66"
314330205000826,"143,00","413,00","1,33","2.547,16","9.647.280,40"
314330205000827,"150,00","419,00","1,88","1.467,44","1.034.611,31"
314330205000828,"157,00","481,00","1,77","1.869,54","2.089.765,45"
314330205000830,"79,00","242,00","2,27","1.464,37","815.306,90"
314330205000831,"183,00","534,00","1,56","2.819,12","8.727.527,37"
314330205000832,"259,00","769,00","1,50","2.805,29","7.846.244,96"
314330205000833,"199,00","554,00","1,94","2.289,43","11.053.498,94"
314330205000834,"142,00","301,00","0,99","2.688,18","3.440.614,12"
314330205000835,"220,00","660,00","1,45","1.954,24","1.291.360,24"
314330205000836,"134,00","423,00","1,64","1.910,90","1.346.382,33"
314330205000837,"210,00","591,00","1,42","2.674,65","5.106.814,94"
314330205000838,"242,00","695,00","1,65","3.055,37","8.430.079,27"
314330205000839,"221,00","660,00","1,71","2.210,08","3.743.981,23"
314330205000840,"236,00","671,00","1,58","2.209,41","3.148.195,63"
314330205000841,"217,00","658,00","1,72","1.720,48","1.086.053,95"
314330205000842,"189,00","605,00","2,36","2.212,53","2.041.743,39"
314330205000843,"178,00","511,00","1,51","1.528,17","1.797.060,99"
314330205000844,"173,00","543,00","1,82","2.094,21","5.634.308,95"
314330205000845,"155,00","455,00","1,76","1.585,89","2.264.258,49"
314330205000846,"242,00","716,00","1,86","1.670,67","1.375.760,96"
314330205000848,"58,00","173,00","2,12","1.324,08","414.948,15"
314330205000849,"132,00","395,00","1,55","2.917,56","6.736.671,64"
314330205000850,"183,00","539,00","1,41","4.037,46","19.105.429,75"
314330205000851,"263,00","538,00","0,91","2.617,01","4.513.269,05"
314330205000852,"326,00","1.034,00","1,77","2.309,53","11.602.522,08"
314330205000854,"124,00","366,00","1,72","2.556,96","4.702.303,38"
314330205000855,"110,00","339,00","1,29","9.889,43","90.461.578,22"
314330205000856,"84,00","243,00","1,33","9.224,38","49.023.405,35"
314330205000857,"245,00","828,00","1,38","17.076,35","165.436.152,98"
314330205000858,"47,00","156,00","1,70","6.528,27","23.420.947,93"
314330205000859,"221,00","710,00","2,22","1.520,62","1.325.676,54"
314330205000860,"43,00","128,00","1,74","1.382,35","123.593,23"
314330205000862,"91,00","268,00","2,47","1.422,46","872.795,52"
314330205000863,"86,00","252,00","3,60","1.209,93","231.062,71"
314330205000865,"126,00","360,00","2,30","1.201,28","489.152,06"
314330205000866,"57,00","157,00","1,58","2.639,02","2.558.387,02"
314330205000869,"184,00","429,00","1,15","2.188,64","2.158.411,31"
314330205000870,"166,00","418,00","1,17","2.431,19","3.430.386,65"
314330205000872,"189,00","575,00","1,57","2.732,78","209.083.379,02"
314330205000873,"223,00","753,00","2,63","1.243,70","629.786,09"
314330205000874,"185,00","517,00","1,17","3.657,86","6.861.151,29"
314330205000876,"209,00","593,00","1,12","2.129,73","4.254.751,37"
314330205000877,"104,00","288,00","0,92","2.510,36","3.424.677,32"
314330205000878,"105,00","273,00","0,97","2.092,02","1.813.501,96"
314330205000879,"108,00","307,00","1,07","2.386,11","3.241.428,94"
314330205000881,"167,00","443,00","0,99","1.613,69","756.112,19"
314330205000882,"134,00","333,00","1,03","2.310,78","4.032.517,30"
314330205000883,"20,00","49,00","1,10","2.466,60","2.728.928,04"
314330205000884,"257,00","730,00","1,38","1.760,28","1.135.951,59"
314330205000885,"241,00","665,00","1,21","1.818,19","918.016,35"
314330205000886,"14,00","27,00","0,84","2.153,43","1.377.247,03"
314330205000887,"139,00","297,00","1,21","3.082,59","5.300.077,86"
314330205000888,"122,00","263,00","1,03","3.581,15","21.838.062,16"
314330205000889,"82,00","225,00","2,29","1.703,63","2.586.026,52"
314330205000890,"179,00","561,00","2,09","1.754,85","3.167.918,54"
314330205000895,"197,00","503,00","1,40","5.340,08","29.510.691,97"
314330205000896,"248,00","795,00","3,32","1.408,24","1.001.817,21"
314330205000897,"100,00","291,00","1,88","1.651,59","1.348.253,44"
314330205000898,"117,00","257,00","1,45","3.948,03","21.196.817,33"
314330205000899,"120,00","214,00","0,88","4.108,35","28.129.468,32"
314330205000900,"238,00","685,00","1,59","2.606,31","4.372.744,99"
314330205000901,"78,00","150,00","0,90","4.442,62","28.964.499,04"
314330205000902,"160,00","449,00","1,49","2.528,95","4.630.767,08"
314330205000903,"204,00","628,00","1,30","2.818,30","6.355.165,14"
314330205000904,"158,00","483,00","1,84","1.977,21","2.050.101,68"
314330205000905,"235,00","787,00","3,10","1.259,13","458.343,51"
314330205000906,"77,00","224,00","2,37","1.712,49","1.318.744,53"
314330205000907,"118,00","294,00","3,06","1.857,06","4.563.977,00"
314330205000908,"80,00","201,00","1,72","1.521,49","791.388,25"
314330205000909,"88,00","258,00","3,31","2.314,93","10.379.732,59"
314330205000910,"91,00","227,00","1,65","2.248,91","7.241.070,61"
314330205000911,"72,00","198,00","2,67","2.021,86","3.962.746,18"
314330205000912,"119,00","307,00","2,45","1.888,81","11.298.316,60"
314330205000913,"186,00","486,00","2,20","1.705,50","2.725.001,66"
314330205000914,"50,00","123,00","1,40","1.576,73","2.644.579,12"
314330205000915,"104,00","268,00","1,92","3.566,88","16.315.337,95"
314330205000916,"18,00","38,00","2,34","1.053,11","113.735,16"
314330205000918,"16,00","38,00","1,05","1.460,00","720.608,00"
314330205000922,"162,00","328,00","1,30","4.733,35","17.741.334,77"
314330205000923,X,X,X,X,X
314330205000925,"95,00","286,00","1,22","2.830,75","10.263.125,81"
314330205000927,"21,00","41,00","0,55","1.752,05","493.985,65"
314330205000928,"73,00","178,00","0,86","2.390,58","3.612.142,58"
314330205000929,"52,00","145,00","2,44","2.194,50","29.208.158,73"
314330205000930,"29,00","87,00","1,71","6.407,14","17.994.021,16"
314330205000931,"6,00","15,00","1,10","2.320,67","3.374.985,07"
314330205000932,"124,00","426,00","1,45","13.307,52","114.173.934,13"
314330205000933,"84,00","305,00","1,54","11.264,32","82.744.699,82"
314330205000934,"13,00","39,00","2,50","2.718,15","2.102.345,64"
314330205000935,"148,00","465,00","1,74","3.318,88","16.481.312,03"
314330205000937,"30,00","82,00","1,31","1.784,07","3.056.872,41"
314330205000938,"109,00","308,00","3,31","1.783,35","1.722.303,90"
314330205000939,"114,00","312,00","2,44","1.383,00","505.087,35"
314330205000940,"100,00","215,00","1,14","5.486,43","27.997.020,33"
314330205000941,"129,00","328,00","1,52","7.691,46","34.100.048,00"
314330205000942,"149,00","475,00","1,68","2.038,01","2.951.270,73"
314330205000943,"164,00","522,00","1,64","1.707,72","1.750.621,00"
314330205000944,"137,00","401,00","2,19","1.763,25","1.479.157,25"
314330205000946,"276,00","830,00","2,03","1.820,68","1.672.056,15"
314330205000947,"86,00","267,00","1,67","1.653,74","1.187.381,38"
314330205000948,"81,00","267,00","2,51","1.994,93","2.116.347,84"
314330205000949,"116,00","327,00","1,28","4.202,69","16.567.299,24"
314330205000950,"146,00","445,00","2,82","1.249,42","342.224,48"
314330205000951,"200,00","600,00","1,93","1.276,16","420.024,16"
314330205000952,"224,00","611,00","1,35","5.831,52","300.258.515,72"
314330205000953,"108,00","319,00","2,08","1.950,14","3.359.883,17"
314330205000954,"88,00","247,00","1,49","4.973,65","25.330.730,96"
314330205000955,"103,00","319,00","2,13","2.954,38","9.945.475,51"
314330205000956,"151,00","430,00","2,04","3.035,95","34.034.786,66"
314330205000957,"174,00","496,00","1,49","2.016,09","2.222.658,11"
314330205000958,"72,00","220,00","1,49","1.994,04","918.014,44"
314330205000959,"157,00","402,00","2,11","2.438,76","4.925.499,20"
314330205000960,"43,00","95,00","2,07","1.737,17","5.909.576,77"
314330205000961,"33,00","68,00","1,00","1.609,00","657.705,15"
314330205000962,"162,00","545,00","2,21","1.719,31","2.221.841,60"
314330205000965,"254,00","545,00","1,21","2.584,36","2.757.296,72"
314330205000966,"149,00","389,00","1,13","1.403,17","582.515,10"
314330205000967,"191,00","518,00","1,26","1.343,31","478.214,88"
314330205000968,"214,00","586,00","1,26","3.955,91","9.905.490,59"
314330205000969,"89,00","279,00","1,53","4.343,96","10.077.159,72"
314330205000970,"47,00","137,00","4,38","1.478,51","997.827,85"
314330205000971,"41,00","112,00","3,05","2.107,33","7.451.600,91"
314330205000973,"201,00","382,00","0,87","3.843,47","9.013.359,57"
314330205000974,"126,00","365,00","1,39","2.193,46","2.646.647,80"
314330205000975,"85,00","235,00","1,52","2.293,66","4.914.311,88"
314330205000976,"113,00","303,00","2,27","2.206,81","5.307.096,53"
314330205000977,"38,00","106,00","1,63","1.552,11","2.271.090,88"
314330205000978,"157,00","493,00","2,53","3.015,05","3.966.857,08"
314330205000979,"6,00","16,00","1,47","1.004,33","161.363,87"
314330205000980,"57,00","160,00","1,37","2.864,82","5.799.956,04"
314330205000981,"126,00","349,00","1,43","3.019,30","6.126.462,61"
314330205000982,"6,00","15,00","1,90","3.104,00","6.585.798,40"
314330205000983,"39,00","80,00","1,00","1.665,43","1.316.574,96"
314330205000984,"47,00","104,00","1,78","1.712,18","3.334.453,55"
314330205000985,X,X,X,X,X
314330205000986,"168,00","407,00","2,11","2.296,94","4.103.933,85"
314330205000987,"133,00","363,00","1,82","2.661,06","16.092.498,97"
314330205000988,"181,00","467,00","2,32","1.804,63","1.822.971,43"
314330205000989,"157,00","408,00","2,99","1.888,61","3.662.372,79"
314330205000990,"136,00","342,00","1,56","4.191,85","14.597.643,51"
314330205000991,"131,00","293,00","1,17","3.374,38","12.023.908,37"
314330205000992,"153,00","441,00","2,08","2.832,39","7.726.383,12"
314330205000993,"149,00","422,00","1,95","3.452,54","14.692.733,26"
314330205000994,"212,00","606,00","2,09","2.039,47","4.334.336,94"
314330205000995,"176,00","528,00","2,29","2.250,91","2.741.834,67"
314330205000996,"61,00","181,00","2,63","2.832,48","17.184.859,31"
314330205000997,"141,00","451,00","2,05","1.599,96","1.724.709,13"
314330205000998,"43,00","86,00","1,33","8.038,39","76.503.466,00"
314330205000999,"90,00","214,00","0,82","6.081,67","63.417.477,22"
314330205001000,"165,00","528,00","1,45","1.714,56","2.364.970,10"
314330205001001,"138,00","332,00","1,80","2.895,27","7.520.722,11"
314330205001002,"138,00","353,00","1,87","3.649,02","16.231.977,44"
314330205001003,"175,00","457,00","1,78","3.371,41","8.991.780,56"
314330205001004,"142,00","392,00","2,45","2.158,19","5.242.216,79"
314330205001005,"194,00","602,00","1,81","1.609,21","1.436.458,91"
314330205001006,"145,00","462,00","1,92","1.578,81","611.593,56"
314330205001007,"145,00","368,00","1,81","4.704,73","24.263.086,20"
314330205001008,"118,00","246,00","1,39","12.664,55","162.340.960,51"
314330205001009,"146,00","452,00","1,74","2.301,38","2.787.640,64"
314330205001010,"221,00","659,00","1,89","1.924,89","3.115.877,01"
314330205001011,"135,00","427,00","1,85","2.603,82","3.952.142,60"
314330205001012,"185,00","557,00","1,70","2.746,99","8.124.907,95"
314330205001013,"168,00","518,00","2,10","2.566,16","7.071.613,44"
314330205001014,"161,00","432,00","1,54","1.932,54","1.717.212,39"
314330205001015,"161,00","435,00","2,09","1.276,76","436.139,44"
314330205001016,"138,00","421,00","2,08","1.568,33","1.433.341,91"
314330205001017,"197,00","566,00","1,48","1.798,97","3.037.426,90"
314330205001018,"120,00","380,00","1,59","1.660,12","2.768.776,36"
314330205001019,"152,00","446,00","1,56","1.741,01","2.425.121,05"
314330205001020,"148,00","463,00","1,46","1.617,68","811.550,07"
314330205001021,"146,00","433,00","1,63","3.582,02","9.409.622,27"
314330205001022,"151,00","447,00","1,57","4.441,72","63.569.611,19"
314330205001023,"171,00","463,00","1,82","2.697,83","6.383.321,23"
314330205001024,"147,00","439,00","2,60","2.555,78","5.882.962,74"
314330205001025,"160,00","478,00","1,80","1.729,12","1.872.992,17"
314330205001026,"161,00","503,00","2,86","1.731,36","2.341.304,93"
314330205001027,"173,00","455,00","1,89","1.988,29","4.723.407,73"
314330205001028,"167,00","473,00","2,01","2.068,71","3.512.931,05"
314330205001029,"161,00","469,00","1,97","1.861,87","2.564.562,99"
314330205001030,"185,00","516,00","2,06","1.504,46","1.238.542,45"
314330205001031,"187,00","542,00","1,91","1.998,55","6.402.439,52"
314330205001032,"193,00","593,00","1,81","1.920,05","4.582.403,00"
314330205001033,"167,00","513,00","2,07","1.893,59","3.761.754,97"
314330205001034,"194,00","567,00","2,97","1.464,53","826.630,08"
314330205001035,"120,00","356,00","2,35","1.740,74","1.188.270,21"
314330205001036,"157,00","448,00","1,96","2.126,12","3.719.393,70"
314330205001037,"171,00","530,00","1,76","2.615,14","4.607.661,16"
314330205001038,"156,00","461,00","1,67","2.304,36","2.497.064,37"
314330205001039,"184,00","601,00","1,66","2.255,36","4.647.047,76"
314330205001040,"146,00","476,00","2,15","2.137,82","4.417.616,07"
314330205001041,"158,00","428,00","1,90","1.632,47","650.464,76"
314330205001042,"146,00","424,00","2,34","1.841,68","7.131.154,52"
314330205001043,"172,00","506,00","2,01","1.721,18","3.644.014,01"
314330205001044,"173,00","490,00","2,16","1.428,81","588.312,58"
314330205001045,"108,00","269,00","1,24","7.289,09","40.812.071,54"
314330205001046,"113,00","276,00","1,41","6.430,16","72.225.579,75"
314330205001047,"145,00","430,00","2,02","3.023,55","5.017.659,69"
314330205001048,"156,00","443,00","1,75","3.556,64","10.973.659,14"
314330208000002,"94,00","288,00","2,62","1.283,29","204.476,64"
314330208000003,"111,00","269,00","1,39","1.200,95","154.032,22"
314330208000004,"104,00","258,00","1,65","1.199,75","282.619,31"
314330210000001,"135,00","365,00","2,28","1.250,48","646.277,28"
314330210000003,"84,00","220,00","1,52","1.468,00","9.017.400,55"
314330210000004,"35,00","94,00","2,05","1.453,94","921.721,76"
314330210000005,"92,00","248,00","2,04","1.267,68","1.009.197,32"
314330210000006,"87,00","204,00","1,04","1.478,86","597.111,55"
314330215000001,"103,00","292,00","3,00","1.276,04","533.923,66"
314330215000002,"86,00","213,00","1,66","1.062,92","326.851,10"
314330215000003,"63,00","145,00","1,67","1.368,78","918.593,08"
314330220000001,"201,00","583,00","1,98","1.493,10","842.361,68"
314330220000002,"87,00","251,00","1,78","1.303,55","516.593,46"
314330220000004,"189,00","601,00","1,80","1.876,37","14.563.786,48"
314330220000005,"262,00","787,00","2,40","1.495,44","1.032.812,21"
314330220000006,"165,00","537,00","2,51","1.501,19","626.090,85"
314330220000007,"176,00","553,00","2,32","1.514,40","838.394,88"
314330220000008,"120,00","296,00","1,49","1.672,03","1.414.262,64"
314330220000009,"92,00","239,00","1,58","1.884,29","3.493.809,76"
314330220000010,"43,00","120,00","2,98","2.157,02","4.738.223,31"
314330222000001,"35,00","70,00","1,65","1.309,94","135.032,82"
314330222000002,"38,00","83,00","1,29","1.145,32","174.954,87"
314330225000001,"148,00","373,00","1,69","1.240,97","335.458,95"
314330225000002,"74,00","195,00","1,91","1.176,75","346.518,88"
314330225000003,"40,00","99,00","1,95","1.271,68","610.503,25"
314330225000005,"66,00","131,00","1,00","1.109,52","282.091,70"
314330225000007,"154,00","374,00","1,23","1.469,18","381.871,04"
314330225000008,"114,00","319,00","1,83","1.469,31","233.598,86"
314330225000009,"103,00","288,00","2,20","1.421,67","244.468,68"
314330225000010,"96,00","264,00","1,92","1.092,59","250.237,61"
314330225000011,"85,00","227,00","1,79","941,69","245.052,10"
314330230000001,"119,00","289,00","1,64","1.293,25","385.834,19"
314330230000002,"45,00","109,00","1,93","1.495,78","2.524.091,31"
314330230000004,"41,00","95,00","2,27","1.089,27","262.789,95"
314330230000006,"49,00","120,00","2,00","1.059,80","77.498,71"
314330230000007,"64,00","158,00","2,22","1.337,30","625.444,47"
314330230000008,"61,00","154,00","2,22","1.455,77","2.179.699,27"
314330230000009,"46,00","111,00","2,20","1.259,23","278.484,74"
314330230000010,"119,00","348,00","3,12","1.320,72","818.552,72"
314330235000001,"170,00","467,00","2,57","1.416,36","758.810,21"
314330235000002,"43,00","114,00","1,71","2.590,70","55.102.292,36"
314330235000003,"96,00","268,00","1,91","1.375,15","357.119,27"
314330240000001,"54,00","122,00","1,18","1.353,38","328.651,85"
314330240000002,"114,00","303,00","1,80","1.279,67","609.685,96"
314330240000003,"120,00","314,00","2,94","1.366,45","979.712,97"
314330240000004,"44,00","101,00","1,70","1.417,09","307.550,78"
314330240000006,"52,00","151,00","2,36","1.713,00","299.971,06"
314330240000007,"102,00","256,00","1,80","1.541,61","1.686.721,03"
